CountryID,Country Name,WEBNAME,Region,World Rank,Region Rank,2019 Score,Property Rights,Judical Effectiveness,Government Integrity,Tax Burden,Gov't Spending,Fiscal Health,Business Freedom,Labor Freedom,Monetary Freedom,Trade Freedom,Investment Freedom ,Financial Freedom,Tariff Rate (%),Income Tax Rate (%),Corporate Tax Rate (%),Tax Burden % of GDP,Gov't Expenditure % of GDP ,Country,Population (Millions),"GDP (Billions, PPP)",GDP Growth Rate (%),5 Year GDP Growth Rate (%),GDP per Capita (PPP),Unemployment (%),Inflation (%),FDI Inflow (Millions),Public Debt (% of GDP),hdi_rank,hdi,life_expenctancy,schooling_expected,mean_years_schooling,gni_per_capita
1,Afghanistan,Afghanistan,Asia-Pacific,152,39,51.5,19.6,29.6,25.2,91.7,80.3,99.3,49.2,60.4,76.7,66,10,10,7,20,20,5,25.6,Afghanistan,35.5,$69.60 ,2.5,2.9,1958,8.8,5,53.9,7.3,168,0.498,64,10.4,3.8,1824
2,Albania,Albania,Europe,52,27,66.5,54.8,30.6,40.4,86.3,73.9,80.6,69.3,52.7,81.5,87.8,70,70,1.1,23,15,24.9,29.5,Albania,2.9,$36.00 ,3.9,2.5,12507,13.9,2,"1,119.10",71.2,68,0.785,78.5,14.8,10,11886
3,Algeria,Algeria,Middle East and North Africa,171,14,46.2,31.6,36.2,28.9,76.4,48.7,18.7,61.6,49.9,74.9,67.4,30,30,8.8,35,23,24.5,41.4,Algeria,41.5,$632.90 ,2,3.1,15237,10,5.6,"1,203.00",25.8,85,0.754,76.3,14.4,8,13802
4,Angola,Angola,Sub-Saharan Africa,156,33,50.6,35.9,26.6,20.5,83.9,80.7,58.2,55.7,58.8,55.4,61.2,30,40,9.4,17,30,20.6,25.3,Angola,28.2,$190.30 ,0.7,2.9,6753,8.2,31.7,"-2,254.50",65.3,147,0.581,61.8,11.8,5.1,5790
5,Argentina,Argentina,Americas,148,26,52.2,47.8,44.5,33.5,69.3,49.5,33,56.4,46.9,60.2,70,55,60,7.5,35,30,30.8,41,Argentina,44.1,$920.20 ,2.9,0.7,20876,8.7,25.7,"11,857.00",52.6,47,0.825,76.7,17.4,9.9,18461
6,Armenia,Armenia,Europe,47,24,67.7,57.2,46.3,38.6,84.7,79,53,78.3,71.4,77.8,80.8,75,70,2.1,26,20,21.3,26.4,Armenia,3,$28.30 ,7.5,3.6,9456,18.2,0.9,245.7,53.5,83,0.755,74.8,13,11.7,9144
7,Australia,Australia,Asia-Pacific,5,4,80.9,79.1,86.5,79.9,62.8,60.1,86.2,88.3,84.1,86.6,87.6,80,90,1.2,45,30,28.2,36.5,Australia,24.8,"$1,246.50 ",2.3,2.4,50334,5.6,2,"46,368.00",41.6,3,0.939,83.1,22.9,12.9,43560
8,Austria,Austria,Europe,31,16,72,84.2,71.3,77.4,50.5,24.5,85.5,74.9,68.7,81.5,86,90,70,2,50,25,42.7,50.2,Austria,8.8,$439.60 ,2.9,1.3,49869,5.5,2.2,"9,629.60",78.8,20,0.908,81.8,16.1,12.1,45415
9,Azerbaijan,Azerbaijan,Asia-Pacific,60,13,65.4,59.1,53.1,44.7,87.5,59.5,89.4,69.5,63.9,63,74.6,60,60,5.2,25,20,15,36.7,Azerbaijan,9.8,$171.80 ,0.1,1.2,17492,5,13,"2,867.00",54.7,80,0.757,72.1,12.7,10.7,15600
10,Bahamas,Bahamas,Americas,76,15,62.9,42.2,46.9,43.7,97.3,86.8,65.7,68.5,67.5,78.1,47.8,50,60,18.6,0,0,16.3,21,Bahamas,0.4,$11.60 ,1.3,-0.7,31139,12.6,1.4,927.7,57.2,54,0.807,75.8,12.8,11.1,26681
11,Bahrain,Bahrain,Middle East and North Africa,54,5,66.4,63.5,50.7,53.6,99.7,62.7,3.7,71.4,71.1,81.6,83.8,75,80,3.1,0,0,5.6,35.3,Bahrain,1.5,$70.40 ,3.2,3.8,48505,1.2,1.4,518.9,90.3,43,0.846,77,16,9.4,41580
12,Bangladesh,Bangladesh,Asia-Pacific,121,27,55.6,36.1,34.5,24.4,72.7,94.5,77.6,50.9,68.2,69.9,63.6,45,30,10.7,25,45,8.8,13.6,Bangladesh,163.2,$687.10 ,7.1,6.7,4211,4.4,5.7,"2,151.60",32.4,136,0.608,72.8,11.4,5.8,3677
13,Barbados,Barbados,Americas,67,13,64.7,52.9,59.9,53.8,70.1,65,79.5,69.8,59.9,78.3,56.6,70,60,14.2,35,25,33.7,34.1,Barbados,0.3,$5.20 ,0.9,0.6,18664,9.7,4.4,286.2,132.9,58,0.8,76.1,15.3,10.6,15843
14,Belarus,Belarus,Europe,104,42,57.9,55.2,51.7,37.7,89.4,41.3,85.4,75,75.3,67,76.4,30,10,1.8,13,18,23.8,44.2,Belarus,9.5,$178.90 ,2.4,-0.3,18931,0.5,6,"1,276.40",51,53,0.808,73.1,15.5,12.3,16323
15,Belgium,Belgium,Europe,48,25,67.3,81.3,61.6,72.5,47.1,15.2,73.4,78.1,61,76.1,86,85,70,2,50,29,44.2,53.2,Belgium,11.4,$528.50 ,1.7,1.2,46553,7.4,2.2,740.4,103.2,17,0.916,81.3,19.8,11.8,42156
16,Belize,Belize,Americas,123,24,55.4,41.7,46.9,27.2,79.9,65.9,39.1,61.8,54.8,78.7,64,55,50,10.5,25,25,27.6,33.7,Belize,0.4,$3.20 ,0.8,1.8,8324,9.3,1.1,77,99,106,0.708,70.6,12.8,10.5,7166
17,Benin,Benin,Sub-Saharan Africa,127,21,55.3,37.2,32.8,28.1,69.3,83.4,27.9,62.4,53.8,86.4,61.8,70,50,11.6,45,30,11.9,23.5,Benin,11.1,$25.30 ,5.6,5,2277,2.5,0.1,184.4,54.6,163,0.515,61.2,12.6,3.6,2061
18,Bhutan,Bhutan,Asia-Pacific,74,16,62.9,62.5,55.4,54.5,83,71.6,77.6,68.7,79.5,72.6,79.4,20,30,2.8,25,30,13.4,30.7,Bhutan,0.8,$7.00 ,6,5.2,8744,2.4,3.4,10.3,102.4,134,0.612,70.6,12.3,3.1,8065
19,Bolivia,Bolivia,Americas,173,30,42.3,20.5,12.3,19.7,82.4,49.3,17.6,58.8,52.9,68.8,70.4,15,40,4.8,13,25,31.1,41.1,Bolivia,11.1,$83.60 ,4.2,5.1,7547,3.1,2.8,724.7,50.9,118,0.693,69.5,14,8.9,6714
20,Bosnia and Herzegovina,BosniaHerzegovina,Europe,83,37,61.9,40.2,37.9,30.2,84.3,46.1,96.6,49.7,67,83.1,82.6,65,60,1.2,10,10,37,42.4,Bosnia and Herzegovina,3.5,$44.60 ,2.7,2.5,12724,25.6,1.3,425.2,41,77,0.768,77.1,14.2,9.7,11716
21,Botswana,Botswana,Sub-Saharan Africa,36,3,69.5,58.1,45.7,52.4,82.7,65.9,94.6,68.7,68.2,78.8,83.8,65,70,0.6,25,22,24.9,33.7,Botswana,2.2,$38.90 ,2.2,4.1,17828,17.4,3.3,400.6,15.6,101,0.717,67.6,12.6,9.3,15534
22,Brazil,Brazil,Americas,150,27,51.9,57.3,51.7,28.1,70.5,55.2,5.9,57.9,51.9,75.5,69,50,50,8,27.5,34,32.2,38.6,Brazil,207.7,"$3,240.30 ",1,-0.5,15603,13.3,3.4,"62,712.60",84,79,0.759,75.7,15.4,7.8,13755
186,Brunei Darussalam,Brunei ,Asia-Pacific,63,14,65.1,64,56,43.7,90.7,59.9,20,80.2,90.8,76.5,84,65,50,0.5,0,18.5,24.2,36.6,Brunei Darussalam,0.4,$33.50 ,0.5,-1.4,78196,7.1,-0.1,-46.3,2.7,39,0.853,77.4,14.5,9.1,76427
23,Bulgaria,Bulgaria,Europe,37,19,69,62.5,41.9,35.1,90.2,63.9,98.8,62.7,68.4,88,86,70,60,2,10,10,28,34.7,Bulgaria,7.1,$153.10 ,3.6,2.7,21687,6.2,1.2,"1,070.70",23.9,51,0.813,74.9,14.8,11.8,18740
24,Burkina Faso,BurkinaFaso,Sub-Saharan Africa,96,9,59.4,49.1,42.9,36.6,81.9,80,61.8,51.6,52.3,86.2,65.2,65,40,7.4,27.5,28,16.3,25.8,Burkina Faso,18.9,$35.80 ,6.4,5.3,1889,6.3,0.4,485.9,38.3,183,0.423,60.8,8.5,1.5,1650
26,Burundi,Burundi,Sub-Saharan Africa,162,39,48.9,20.6,31,26.2,74,83.3,23.3,50.3,67.5,62.2,68.2,50,30,5.9,35,35,12.3,23.6,Burundi,10.9,$8.00 ,0,1.1,735,1.6,16.6,0.3,56.7,185,0.417,57.9,11.7,3,702
27,Cambodia,Cambodia,Asia-Pacific,105,22,57.8,37.4,27.6,16.7,89.7,85.9,89.1,29.9,63,79.4,65.4,60,50,9.8,20,20,15,21.7,Cambodia,16,$64.30 ,6.9,7.1,4012,0.2,2.9,"2,784.40",35.1,146,0.582,69.3,11.7,4.8,3413
28,Cameroon,Cameroon,Sub-Saharan Africa,145,29,52.4,42.5,31.3,25.5,74.4,87.5,58.4,44.4,47.8,84,53.4,30,50,15.8,35,33,15.6,20.4,Cameroon,24.3,$88.90 ,3.2,4.9,3660,4.2,0.6,672.5,33.8,151,0.556,58.6,12.2,6.3,3315
29,Canada,Canada,Americas,8,1,77.7,87,69.4,84.6,76.8,51.3,83.1,81.9,73.7,77.2,86.8,80,80,1.6,33,15,31.7,40.3,Canada,36.7,"$1,769.30 ",3,2.1,48265,6.3,1.6,"24,243.80",89.7,12,0.926,82.5,16.4,13.3,43433
30,Cabo Verde,CaboVerde,Sub-Saharan Africa,73,4,63.1,44.1,49,43.7,76.4,71.2,59.7,65.2,55.7,84.1,68.2,80,60,10.9,35,24,23.7,31,Cabo Verde,0.5,$3.70 ,4,2,6944,10.3,0.8,108.6,126,125,0.654,73,12.6,6.1,5983
31,Central African Republic,CentralAfricanRepublic,Sub-Saharan Africa,161,38,49.1,19.6,29.6,23.2,65.2,94.2,94.3,24.2,40.1,72.3,51,45,30,14.5,50,30,9,13.9,Central African Republic,5,$3.40 ,4,-4.5,677,6,3.8,17.2,53.4,188,0.367,52.9,7.2,4.3,663
32,Chad,Chad,Sub-Saharan Africa,159,36,49.9,26.7,24.6,23.2,46.1,92.4,85.2,28.1,43.2,82.3,47.2,60,40,16.4,60,45,5.3,15.9,Chad,12.2,$28.60 ,-3.1,1,2344,5.9,-0.9,335,52.5,186,0.404,53.2,8,2.3,1750
33,Chile,Chile,Americas,18,3,75.4,68.7,56.3,62.3,77.3,81,89,76.6,65,84.5,88.8,85,70,0.6,35,25,20.4,25.2,Chile,18.4,$451.10 ,1.5,2.2,24537,7,2.2,"6,729.60",23.6,44,0.843,79.7,16.4,10.3,21910
34,China,China,Asia-Pacific,100,20,58.4,49.9,75.2,49.1,70.4,70.1,76,56.2,64.2,71.9,73,25,20,3.5,45,25,17.5,31.6,China,1390.1,"$23,159.10 ",6.9,7.1,16660,4.7,1.6,"136,320.00",47.8,86,0.752,76.4,13.8,7.8,15270
35,Colombia,Colombia,Americas,49,8,67.3,59.2,34.3,33.5,74.3,75,79.2,71.4,78.5,75.6,76,80,70,7,33,33,19.9,28.9,Colombia,49.3,$714.00 ,1.8,3.2,14485,8.9,4.3,"14,518.00",49.4,90,0.747,74.6,14.4,8.3,12938
36,Comoros,Comoros,Sub-Saharan Africa,124,20,55.4,36.5,29.6,24.4,63.9,73.4,91.7,57.2,60.3,82.8,70,45,30,5,30,50,14.5,29.8,Comoros,0.8,$1.30 ,2.5,2.2,1588,4.3,1,8.6,28.4,165,0.503,63.9,11.2,4.8,1399
37,"Congo, Democratic Republic of the Congo",DemcoraticRepublicCongo,Sub-Saharan Africa,157,34,50.3,25.3,30.7,26.2,73.8,93.9,96.9,53.2,41.9,49.1,62.6,30,20,11.2,30,40,10.8,14.2,"Congo, Democratic Republic of the Congo",86.7,$68.50 ,3.4,6.1,790,3.7,41.5,"1,340.20",15.7,176,0.457,60,9.8,6.8,796
38,"Congo, Republic of",RepublicCongo,Sub-Saharan Africa,176,46,39.7,33.2,29.6,25.3,59.5,40.6,0,38.2,35.8,82.6,56.8,45,30,11.6,45,34,29.5,44.5,"Congo, Republic of",4.3,$28.90 ,-4.6,1.1,6642,11,0.5,"1,158.80",119.1,137,0.606,65.1,11.4,6.3,5694
39,Costa Rica,CostaRica,Americas,61,11,65.3,58.3,54,54.5,79.2,88.4,42.5,67.2,55.2,83.2,81.4,70,50,1.8,25,30,23.6,19.6,Costa Rica,5,$83.90 ,3.2,3.4,16877,8.1,1.6,"3,007.10",49.1,63,0.794,80,15.4,8.8,14636
40,Côte d'Ivoire,CoeDivoire,Sub-Saharan Africa,78,5,62.4,40.9,47.8,38.1,77.5,83.9,74.3,61,52.5,74.2,73.6,75,50,8.2,36,25,18.2,23.1,Côte d'Ivoire,25,$96.90 ,7.8,8.6,3883,2.6,0.8,674.7,46.4,170,0.492,54.1,9,5.2,3481
41,Croatia,Croatia,Europe,86,38,61.4,66,42.9,38.6,66.4,33.4,85.4,60.7,44,78.5,86,75,60,2,40,18,37.9,47.1,Croatia,4.1,$101.30 ,2.8,1.5,24424,11.2,1.1,"2,104.20",78.4,46,0.831,77.8,15,11.3,22162
42,Cuba,Cuba,Americas,178,31,27.8,31.6,10,37.7,48.8,0,15.6,20,20,65.6,64,10,10,8,50,30,41.5,64.2,Cuba,11.5,$148.00 ,0.9,1.9,12920,2.6,5.5,N/A,47.7,73,0.777,79.9,14,11.8,7524
43,Cyprus,Cyprus,Europe,44,22,68.1,73.1,48.1,43.7,74.9,55.2,80.3,76.9,59.5,84,86,75,60,2,35,12.5,33.6,38.7,Cyprus,0.9,$31.60 ,3.9,0.3,37023,11,0.7,"6,343.30",99.3,32,0.869,80.7,14.6,12.1,31568
44,Czech Republic,CzechRepublic,Europe,23,13,73.7,74.8,47.6,52.1,82.6,52.1,97.6,72.4,78.1,81.5,86,80,80,2,15,19,34,40,Czech Republic,10.6,$375.70 ,4.3,2.9,35512,2.9,2.4,"7,412.20",34.7,27,0.888,78.9,16.9,12.7,30588
45,Denmark,Denmark,Europe,14,6,76.7,86.2,77.8,85.8,42,14.4,96.7,90.7,86.4,84.1,86,90,80,2,56,23.5,45.9,53.4,Denmark,5.7,$286.80 ,2.1,1.6,49883,5.7,1.1,"-3,114.70",36.4,11,0.929,80.9,19.1,12.6,47918
46,Djibouti,Djibouti,Sub-Saharan Africa,169,43,47.1,29.7,18.1,28.1,76.2,27.3,18.1,54.7,60.4,72.7,50.4,80,50,17.3,30,25,29.2,49.2,Djibouti,1,$3.60 ,6.7,6.1,3559,5.8,0.7,165,30.6,172,0.476,62.6,6.2,4.1,3392
47,Dominica,Dominica,Americas,72,14,63.6,49.2,63.8,54.5,72.1,53.5,84.7,70.7,60.4,85.7,68.2,70,30,8.4,35,30,25.8,39.4,Dominica,0.1,$0.80 ,-4.2,0,11102,N/A,0.6,18.9,87.6,103,0.715,78,12.7,7.8,8344
48,Dominican Republic,DominicanRepublic,Americas,89,19,61,50.6,18.1,23.2,84.6,90.3,89.9,51.9,57.6,79.7,75.8,70,40,4.6,25,27,13.6,17.9,Dominican Republic,10.2,$172.40 ,4.6,6.1,16944,5.5,3.3,"3,570.00",37.7,94,0.736,74,13.7,7.8,13921
49,Ecuador,Ecuador,Americas,170,29,46.9,35.9,20.2,25.3,77,55.5,32.1,54.1,48.2,73.5,66.4,35,40,6.8,35,25,21.2,38.5,Ecuador,16.8,$192.60 ,2.7,2,11482,3.8,0.4,606.4,45,86,0.752,76.6,14.7,8.7,10347
50,Egypt,Egypt,Middle East and North Africa,144,11,52.5,37,48.3,29.2,85.2,68.1,0,65.9,51.6,62.3,71.8,60,50,6.6,25,23,18,32.6,Egypt,94.8,"$1,201.20 ",4.2,3.8,12671,12.1,23.5,"7,391.70",103.3,115,0.696,71.7,13.1,7.2,10355
51,El Salvador,ElSalvador,Americas,84,17,61.8,37.6,29.1,23.4,78.1,86.3,81.9,57.2,53.1,79,81.4,75,60,1.8,30,30,19.7,21.4,El Salvador,6.4,$57.00 ,2.4,2.1,8948,4.5,1,791.9,59.3,121,0.674,73.8,12.6,6.9,6868
52,Equatorial Guinea,EquatorialGuinea,Sub-Saharan Africa,174,44,41,29.7,18.1,15.8,71.3,67.6,16.4,37.6,32.7,83.7,48.8,40,30,15.6,35,35,20.4,32.8,Equatorial Guinea,0.8,$30.40 ,-4.4,-5.6,36017,6.9,0.7,304.1,42.7,141,0.591,57.9,9.3,5.5,19513
53,Eritrea,Eritrea,Sub-Saharan Africa,177,47,38.9,35.5,18.1,19.7,81.4,73.9,0,17.7,70,61,69.2,0,20,5.4,30,30,8,29.5,Eritrea,5.9,$9.40 ,5,3.4,1581,6.4,9,55.5,131.2,179,0.44,65.5,5.4,4,1750
54,Estonia,Estonia,Europe,15,7,76.6,81.5,76,73.1,79.9,51.1,99.8,75.3,57.2,79.6,86,90,70,2,20,20,34.7,40.4,Estonia,1.3,$41.60 ,4.9,2.7,31750,5.8,3.7,784.4,8.8,30,0.871,77.7,16.1,12.7,28993
156,Eswatini,Eswatini,Sub-Saharan Africa,132,23,54.7,41.7,42.9,35,74.8,65.6,18.3,59.2,67.5,73.7,87.6,50,40,1.2,33,28,25.5,33.9,Eswatini,1.1,$11.30 ,0.2,2,9884,26.4,6.3,-136.8,29.2,144,0.588,58.3,11.2,6.5,7620
55,Ethiopia,Ethiopia,Sub-Saharan Africa,137,26,53.6,32.6,40.9,35.1,77.2,90.4,83.3,48.6,58,60.8,60.8,35,20,12.1,35,30,12.4,17.9,Ethiopia,92.7,$200.20 ,10.9,9.9,2161,5.2,9.9,"3,586.40",56.2,173,0.463,65.9,8.5,2.7,1719
56,Fiji,Fiji,Asia-Pacific,81,18,62.2,67.3,42.9,23.4,81.1,71.7,82.4,63,72.9,73.5,62.8,55,50,11.1,29,20,25.5,30.7,Fiji,0.9,$8.70 ,3.8,3.7,9777,6.3,3.4,299,46.6,92,0.741,70.4,15.3,10.8,8324
57,Finland,Finland,Europe,20,11,74.9,89.6,81.2,92.5,66.8,7.2,86.4,89.4,50.3,84.8,86,85,80,2,31.3,20,44.1,55.6,Finland,5.5,$244.00 ,3,0.8,44333,8.6,0.8,"1,327.90",61.4,15,0.92,81.5,17.6,12.4,41002
58,France,France,Europe,71,35,63.8,82.5,66.1,67.9,48.4,3.9,64.9,81.2,45.2,79.1,81,75,70,2,45,33,45.3,56.6,France,64.8,"$2,835.80 ",1.8,1.1,43761,9.4,1.2,"49,794.90",97,24,0.901,82.7,16.4,11.5,39254
59,Gabon,Gabon,Sub-Saharan Africa,118,17,56.3,28.1,30.6,35.5,75.8,86.6,82.1,52.1,53,80,51.2,60,40,16.9,35,30,17.3,21.1,Gabon,1.9,$36.70 ,0.8,3.4,19254,19.7,3,"1,498.00",61.1,110,0.702,66.5,12.8,8.2,16431
60,Gambia,Gambia,Sub-Saharan Africa,146,30,52.4,39.9,42.5,41.2,74.3,70.7,0,54,67.4,62.4,61.6,65,50,14.2,35,32,17.9,31.3,Gambia,2.1,$3.60 ,3.5,3.1,1713,9.5,8,87.5,123.2,174,0.46,61.4,9.2,3.5,1516
61,Georgia,Georgia,Europe,16,8,75.9,65.9,54.6,58.5,87.1,73.6,93.9,85.8,76.6,76,88.6,80,70,0.7,20,15,25.8,29.6,Georgia,3.7,$39.70 ,4.8,3.7,10747,11.6,6,"1,861.90",44.9,70,0.78,73.4,15,12.8,9186
62,Germany,Germany,Europe,24,14,73.5,79.9,75.4,81.3,60.8,42.3,91.8,83.3,52.8,77.9,86,80,70,2,47.5,15.8,37.6,43.9,Germany,82.7,"$4,170.80 ",2.5,1.7,50425,3.8,1.7,"34,726.30",64.1,5,0.936,81.2,17,14.1,46136
63,Ghana,Ghana,Sub-Saharan Africa,109,13,57.5,49.1,44.2,35.5,78.8,82,23.9,56.5,59.9,66.3,63.4,70,60,10.8,35,25,16.5,24.5,Ghana,28.3,$133.70 ,8.4,5.5,4729,2.4,12.4,"3,255.00",71.8,140,0.592,63,11.6,7.1,4096
64,Greece,Greece,Europe,106,43,57.7,52.4,49.5,37.7,59.1,23.3,79,74.1,52.5,79.1,81,55,50,2,42,29,38.6,50.6,Greece,10.8,$298.70 ,1.4,-0.3,27737,21.5,1.1,"4,046.00",181.9,31,0.87,81.4,17.3,10.8,24648
65,Guatemala,Guatemala,Americas,77,16,62.6,40.3,32.3,26.4,79.2,95.6,96.2,53.6,48.7,77,82.2,70,50,1.4,31,31,12.6,12.1,Guatemala,16.9,$137.80 ,2.8,3.6,8145,2.7,4.4,"1,146.70",24.4,127,0.65,73.7,10.8,6.5,7278
66,Guinea,Guinea,Sub-Saharan Africa,120,19,55.7,34.7,32.6,25.5,69.4,89.8,87.2,54.6,54.9,66.4,63.2,50,40,10.9,40,35,15.3,18.4,Guinea,13,$26.50 ,6.7,4.9,2041,4.5,8.9,576.5,39.7,175,0.459,60.6,9.1,2.6,2067
67,Guinea-Bissau,GuineaBissau,Sub-Saharan Africa,135,25,54,32.6,42.9,25.3,88.8,86.7,81.4,35.9,61.2,78.1,55.6,30,30,12.2,20,25,9.6,21,Guinea-Bissau,1.7,$3.10 ,5.5,4.3,1845,6.1,1.1,16.6,42,177,0.455,57.8,10.5,3,1552
68,Guyana,Guyana,Americas,113,23,56.8,41.7,42.9,33.2,67,69.4,77.6,59.3,62,76.9,66.8,55,30,6.6,33.3,40,24.4,32,Guyana,0.8,$6.30 ,2.1,3.5,8161,12,2.1,212.2,50.7,125,0.654,66.8,11.4,8.4,7447
69,Haiti,Haiti,Americas,143,25,52.7,10.4,25.3,20.3,79.9,88.3,95.9,36.2,62.6,66.5,72,45,30,6.5,30,30,14.5,19.7,Haiti,11,$19.90 ,1.2,2.2,1815,14,14.7,374.9,31.1,168,0.498,63.6,9.3,5.3,1665
70,Honduras,Honduras,Americas,93,20,60.2,43.4,31,25.3,82.8,78.2,95.9,56.9,32,73,79.4,65,60,2.8,25,25,21.6,27,Honduras,8.3,$46.20 ,4.8,3.6,5562,4.5,3.9,"1,185.70",43.9,133,0.617,73.8,10.2,6.5,4215
71,Hong Kong,HongKong,Asia-Pacific,1,1,90.2,93.3,75.3,83.8,93.1,90.3,100,96.4,89.2,86.4,95,90,90,0,15,16.5,14,17.9,Hong Kong SAR,7.4,$454.90 ,3.8,2.8,61393,3.1,1.5,"104,333.00",0.1,7,0.933,84.1,16.3,12,58420
72,Hungary,Hungary,Europe,64,31,65,60.9,45.2,35.3,78.6,31.7,85,61.1,64.7,81.8,86,80,70,2,15,19,39.4,47.7,Hungary,9.8,$289.00 ,4,3.2,29474,4.2,2.4,"2,491.60",69.9,45,0.838,76.1,15.1,11.9,25393
73,Iceland,Iceland,Europe,11,4,77.1,87.4,63.8,83.8,72.7,44,96.7,88.4,64.1,81.7,87,85,70,1.5,31.8,20,36.4,43.2,Iceland,0.3,$17.60 ,3.6,4.4,51842,2.8,1.8,-5.4,40.9,6,0.935,82.9,19.3,12.4,45810
74,India,India,Asia-Pacific,129,31,55.2,57.3,61.6,47.8,79.4,77.3,14.7,57.1,41.8,72.4,72.4,40,40,6.3,30.9,32.4,7.2,27.5,India,1316.9,"$9,459.00 ",6.7,7.2,7183,3.5,3.6,"39,916.10",70.2,130,0.64,68.8,12.3,6.4,6353
75,Indonesia,Indonesia,Asia-Pacific,56,11,65.8,52.2,53.5,39.5,83.7,91.4,88.1,69.3,49.3,77.4,79.8,45,60,2.6,30,25,10.4,16.9,Indonesia,262,"$3,242.80 ",5.1,5.1,12377,4.2,3.8,"23,063.10",28.9,116,0.694,69.4,12.8,8,10846
76,Iran,Iran,Middle East and North Africa,155,13,51.1,33.5,41.3,35,80.9,89.8,89.5,62.2,50.7,60.1,54.6,5,10,15.2,35,25,8,18.5,Iran,81.4,"$1,644.70 ",4.3,3.6,20200,12.5,9.9,"5,019.00",40.9,60,0.798,76.2,14.9,9.8,19130
77,Iraq,Iraq,Middle East and North Africa,N/A,N/A,N/A,37,12.3,20.3,N/A,52.8,13.3,54.4,53.1,81.4,N/A,N/A,N/A,N/A,15,15,N/A,39.7,Iraq,38.9,$658.80 ,-0.8,4.7,16954,8.2,0.1,"-5,032.40",58,120,0.685,70,11,6.8,17789
78,Ireland,Ireland,Europe,6,2,80.5,85.8,68.4,78,76.3,77.4,89,83.1,75.3,87,86,90,70,2,41,12.5,23,27.4,Ireland,4.7,$357.20 ,7.8,9.7,75538,6.4,0.3,"28,974.60",68.5,4,0.938,81.6,19.6,12.5,53754
79,Israel,Israel,Middle East and North Africa,27,2,72.8,80,73.4,67.9,61.9,52.4,85.3,71.4,65.1,86.2,84.4,75,70,2.8,48,23,31.2,39.8,Israel,8.7,$316.50 ,3.3,3.5,36340,4.3,0.2,"18,954.00",61,22,0.903,82.7,15.9,13,32711
80,Italy,Italy,Europe,80,36,62.2,71.7,49.8,43.7,55.6,26.5,71.3,71.7,51.1,84,86,85,50,2,43,27.5,42.9,49.5,Italy,60.6,"$2,310.90 ",1.5,0.3,38140,11.2,1.3,"17,077.10",131.5,28,0.88,83.2,16.3,10.2,35299
81,Jamaica,Jamaica,Americas,39,5,68.6,60.7,49.2,45,80.2,76,80,78,73.6,82.6,68.4,80,50,10.8,25,25,27.1,28.3,Jamaica,2.8,$26.10 ,1,0.8,9163,12.5,4.4,888,104.1,97,0.732,76.1,13.1,9.8,7846
82,Japan,Japan,Asia-Pacific,30,8,72.1,84.1,68.5,78,68.2,55,55.7,80.5,79,85.9,80,70,60,2.5,40.8,23.9,30.7,38.7,Japan,126.7,"$5,428.80 ",1.7,1.3,42832,2.8,0.5,"10,429.80",236.4,19,0.909,83.9,15.2,12.8,38986
83,Jordan,Jordan,Middle East and North Africa,53,4,66.5,58.4,52.6,50.3,91.4,73.4,60.6,61.8,52.7,85,81.4,70,60,4.3,14,20,16.3,29.8,Jordan,7.1,$89.10 ,2.3,2.5,12494,14.9,3.3,"1,664.80",95.6,95,0.735,74.5,13.1,10.4,8288
84,Kazakhstan,Kazakhstan,Asia-Pacific,59,12,65.4,59.3,56.1,40.3,93.4,83.7,41,73.9,86.2,70.9,80,50,50,2.5,10,20,12.8,23.3,Kazakhstan,18.2,$477.60 ,4,3.3,26252,4.9,7.4,"4,633.70",21.2,58,0.8,70,15.1,11.8,22626
85,Kenya,Kenya,Sub-Saharan Africa,130,22,55.1,53.8,46.9,32.1,79.5,77.8,13.8,55.8,63.4,72.7,60.4,55,50,12.3,30,30,15.7,27.2,Kenya,46.7,$163.10 ,4.8,5.5,3491,11.5,8,671.7,55.6,142,0.59,67.3,12.1,6.5,2961
86,Kiribati,Kiribati,Asia-Pacific,168,41,47.3,44.1,34.3,35.1,73,0,98.6,41.9,50.7,81.1,53.2,25,30,15.9,35,35,15.7,117.9,Kiribati,0.1,$0.20 ,3.1,3.6,1976,N/A,2.2,1.4,26.3,134,0.612,66.5,12.9,7.9,3042
87,"Korea, North ",NorthKorea,Asia-Pacific,180,43,5.9,31.6,5,24.4,0,0,0,5,5,0,0,0,0,50,N/A,N/A,N/A,100,"Korea, North ",25.4,$40.0 (2015 est.),1.1,N/A,1700,4.8,N/A,63.4,N/A,22,0.903,82.4,16.5,12.1,35945
89,Kuwait,Kuwait,Middle East and North Africa,90,8,60.8,52.9,43.3,35.3,97.7,17.3,99.1,57.4,61.7,70.6,79,55,60,3,0,15,1.6,52.5,Kuwait,4.4,$291.50 ,-2.5,-0.1,66163,2.1,1.5,300.5,20.6,56,0.803,74.8,13.6,7.3,70524
91,Laos,Laos,Asia-Pacific,110,24,57.4,38.8,42.5,33.5,86.9,85.3,66.5,60.1,60.1,78.5,81.8,35,20,1.6,24,24,12.8,22.1,Lao P.D.R.,6.7,$49.20 ,6.8,7.4,7366,0.7,0.8,813,62.8,139,0.601,67,11.2,5.2,6070
92,Latvia,Latvia,Europe,35,18,70.4,67.3,48.4,35.5,77,57.1,96.9,77.5,73.3,81.1,86,85,60,2,31.4,20,30.2,37.8,Latvia,2,$53.90 ,4.5,2.8,27644,8.7,2.9,721.2,34.8,41,0.847,74.7,15.8,12.8,25002
93,Lebanon,Lebanon,Middle East and North Africa,154,12,51.1,39.5,26.6,18.2,91.8,75.6,0,47.9,46.5,78.1,79,60,50,3,20,15,13.8,28.5,Lebanon,4.5,$87.70 ,1.2,1.5,19439,6.6,4.5,"2,628.00",152.8,80,0.757,79.8,12.5,8.7,13378
94,Lesotho,Lesotho,Sub-Saharan Africa,142,28,53.1,41.5,45.7,30.9,59.4,33,63.5,53.3,58.8,75,81,55,40,2,35,25,47,47.3,Lesotho,1.9,$7.00 ,3.1,2.8,3581,27.3,5.6,135,34.7,159,0.52,54.6,10.6,6.3,3255
95,Liberia,Liberia,Sub-Saharan Africa,160,37,49.7,26.7,39,24.2,82.7,62.1,69.1,50.6,38.3,68.9,60.1,55,20,12.4,25,25,21.8,35.5,Liberia,4.5,$6.10 ,2.5,2.1,1354,2.4,12.4,247.8,34.4,181,0.435,63,10,4.7,667
96,Libya,Libya,Middle East and North Africa,N/A,N/A,N/A,7.6,24.4,15.8,N/A,0,20,40.2,51.3,52.8,N/A,5,N/A,N/A,10,20,N/A,139.2,Libya,6.4,$64.40 ,70.8,-7.9,9986,17.7,28,N/A,4.7,108,0.706,72.1,13.4,7.3,11100
97,Liechtenstein,Liechtenstein,Europe,N/A,N/A,N/A,N/A,N/A,N/A,N/A,N/A,N/A,N/A,N/A,N/A,N/A,85,80,N/A,7,12.5,N/A,N/A,Liechtenstein,"38,000 ppl.",$6.1 CHF (2014 ),N/A,N/A,139100,2.1 (2016),N/A,N/A,N/A,17,0.916,80.4,14.7,12.5,97336
98,Lithuania,Lithuania,Europe,21,12,74.2,73.6,61.2,47.8,86.4,65.1,97.3,75.2,63.6,84.6,86,80,70,2,15,15,30.2,34.1,Lithuania,2.8,$91.20 ,3.8,3,32299,7.1,3.7,595.4,36.5,35,0.858,74.8,16.1,13,28314
99,Luxembourg,Luxembourg,Europe,17,9,75.9,83,72.4,85.8,65.4,46.6,98.9,68.8,45.9,82.6,86,95,80,2,42,18,37.1,42.2,Luxembourg,0.6,$62.70 ,3.5,3.8,106374,5.5,2.1,"6,622.70",23,21,0.904,82,14,12.1,65016
102,Madagascar,Madagascar,Sub-Saharan Africa,114,15,56.6,33.2,24.4,14.3,91,91.8,85.5,47.3,44.6,72.4,69.2,55,50,7.9,20,20,10.1,16.6,Madagascar,25.6,$39.70 ,4.1,3.4,1551,1.8,8.1,389.1,37.3,161,0.519,66.3,10.6,6.1,1358
103,Malawi,Malawi,Sub-Saharan Africa,153,32,51.4,35.8,40.1,25.2,79.8,70.3,19.1,41.7,64,65.5,75.4,50,50,4.8,30,30,14.8,31.5,Malawi,19.2,$22.40 ,4,4,1167,5.9,11.5,277.1,59.3,171,0.477,63.7,10.8,4.5,1064
104,Malaysia,Malaysia,Asia-Pacific,22,6,74,84.1,68.2,55.4,85.6,83.2,82.4,83.9,74.4,78.6,82,60,50,4,25,25,13.8,23.7,Malaysia,32.1,$930.80 ,5.9,5.2,29041,3.4,3.8,"9,543.40",54.2,57,0.802,75.5,13.7,10.2,26107
105,Maldives,Maldives,Asia-Pacific,141,37,53.2,43.9,36.4,33.5,95.8,60.8,10.7,78.3,70.8,81,62.6,35,30,11.2,0,0,20.5,36.1,Maldives,0.4,$6.90 ,4.8,5.2,19151,5,2.8,517.5,68.1,101,0.717,77.6,12.6,6.3,13567
106,Mali,Mali,Sub-Saharan Africa,103,12,58.1,33.7,33.4,29.6,68.7,85.4,84.2,53.8,52.2,81.6,69.8,65,40,7.6,40,35,17.6,22.1,Mali,18.9,$41.00 ,5.3,5.3,2170,7.9,1.8,265.6,35.6,182,0.427,58.5,7.7,2.3,1953
107,Malta,Malta,Europe,41,20,68.6,69.8,50.4,50.3,64.2,56.1,94.5,67.1,61.3,78.2,86,85,60,2,35,35,33.6,38.3,Malta,0.5,$19.30 ,6.6,6.9,41945,4,1.3,"3,185.20",52.6,29,0.878,81,15.9,11.3,34396
108,Mauritania,Mauritania,Sub-Saharan Africa,119,18,55.7,27.5,30.6,30.6,78,74.2,80.6,61.9,51.5,81.2,62.6,50,40,8.7,30,25,25.9,29.3,Mauritania,3.9,$17.30 ,3.2,3.5,4444,9.9,2.3,329.6,91.1,159,0.52,63.4,8.6,4.5,3592
109,Mauritius,Mauritius,Sub-Saharan Africa,25,1,73,69.5,62.1,40.3,92.1,80.3,73.6,79.8,60.8,79.4,88.4,80,70,0.8,15,15,18.4,25.6,Mauritius,1.3,$27.50 ,3.9,3.6,21640,7.1,3.7,292.7,60.2,65,0.79,74.9,15.1,9.3,20189
110,Mexico,Mexico,Americas,66,12,64.7,59.1,34.9,26.3,75.8,78.2,83.2,67.8,58.6,75.9,81.4,75,60,4.3,35,30,17.2,26.9,Mexico,123.5,"$2,458.40 ",2,2.5,19903,3.4,6,"29,695.00",54.2,74,0.774,77.3,14.1,8.6,16944
111,Micronesia,Micronesia,Asia-Pacific,149,38,51.9,7.6,26.6,36.6,92.8,0,98.8,57.4,71.9,85.8,80.6,35,30,2.2,10,21,13.2,59.2,Micronesia,0.1,$0.30 ,2,0.7,3393,N/A,0.5,N/A,24.5,131,0.627,69.3,11.7,8,3843
112,Moldova,Moldova,Europe,97,40,59.1,55.2,29.6,25.4,85.4,59.1,92,67,39,73.5,78,55,50,3.5,18,12,31.5,36.9,Moldova,3.5,$20.10 ,4,4.4,5661,4.5,6.6,213.8,37.7,112,0.7,71.7,11.6,11.6,5554
113,Mongolia,Mongolia,Asia-Pacific,126,29,55.4,48.2,23.8,29.8,88.5,63.1,6.2,66,75,77.8,75.8,50,60,4.6,10,25,20.7,35.1,Mongolia,3.1,$39.70 ,5.1,5.7,12979,7,4.6,"1,494.40",91.4,92,0.741,69.5,15.5,10.1,10103
114,Montenegro,Montenegro,Europe,92,39,60.5,55.4,51.8,39.5,85.3,32.6,23.2,73.3,73.4,81.6,84.7,75,50,2.6,9,9,36.1,47.4,Montenegro,0.6,$11.00 ,4.2,3.2,17736,16.1,2.4,545.9,67.5,50,0.814,77.3,14.9,11.3,16779
115,Morocco,Morocco,Middle East and North Africa,75,6,62.9,57.2,47.1,39.2,72.2,72.7,66.9,70.3,33.1,83.5,77.4,65,70,3.8,38,30,20.9,30.2,Morocco,34.9,$298.60 ,4.2,3.4,8567,9.3,0.8,"2,651.40",64.4,123,0.667,76.1,12.4,5.5,7340
116,Mozambique,Mozambique,Sub-Saharan Africa,163,40,48.6,33.9,35.2,28.1,75.5,66.9,16.6,57.1,42,65.4,78,35,50,3.5,32,32,20.2,33.2,Mozambique,29.5,$36.70 ,3,5.6,1244,25,15.3,"2,293.10",102.2,180,0.437,58.9,9.7,3.5,1093
117,Namibia,Namibia,Sub-Saharan Africa,99,10,58.7,55.9,54.7,49.8,66.5,48.9,15.7,65.8,85.1,74.4,83,65,40,1,37,34,28.6,41.3,Namibia,2.3,$26.50 ,-1.2,3.6,11312,23.3,6.1,416,46.1,129,0.647,64.9,12.3,6.8,9387
118,Nepal,Nepal,Asia-Pacific,136,34,53.8,39.2,34.7,26.2,84,83.7,98.5,61.8,47.9,69.4,60.4,10,30,12.3,25,25,18.7,23.3,Nepal,29.3,$78.60 ,7.5,4.3,2679,2.7,4.5,198,27.2,149,0.574,70.6,12.2,4.9,2471
119,Netherlands,Netherlands,Europe,13,5,76.8,88,74.7,89.1,51.6,42.9,93.3,81.4,60.3,84,86,90,80,2,52,25,38.8,43.6,Netherlands,17.1,$916.10 ,3.1,1.8,53635,4.8,1.3,"57,956.70",56.7,10,0.931,82,18,12.2,47900
120,New Zealand,NewZealand,Asia-Pacific,3,3,84.4,95,83.5,96.7,71,50.4,98.6,91,86.7,87.5,92.4,80,80,1.3,33,28,32.1,40.7,New Zealand,4.8,$188.60 ,3,3.3,38934,4.9,1.9,"3,572.00",26.4,16,0.917,82,18.9,12.5,33970
121,Nicaragua,Nicaragua,Americas,107,21,57.7,33.4,18.7,20.3,76.9,79.1,93.9,56,55.8,72.7,76,60,50,2,30,30,22.6,26.4,Nicaragua,6.2,$36.40 ,4.9,4.8,5849,4.4,3.9,896.6,33.6,124,0.658,75.7,12.1,6.7,5157
122,Niger,Niger,Sub-Saharan Africa,151,31,51.6,37.2,31,34.1,76.9,75.6,22.2,56.3,48.2,76.7,65.8,55,40,9.6,35,30,13.5,28.5,Niger,18.8,$21.80 ,5.2,5.4,1164,0.4,2.4,334.3,46.5,189,0.354,60.4,5.4,2,906
123,Nigeria,Nigeria,Sub-Saharan Africa,111,14,57.3,36.5,34.3,20.5,85,96.5,68.2,51.2,83.3,65,62.4,45,40,11.3,24,30,5.2,10.8,Nigeria,188.7,"$1,118.80 ",0.8,2.7,5929,7,16.5,"3,503.00",23.4,157,0.532,53.9,10,6.2,5231
124,Norway,Norway,Europe,26,15,73,86.1,81.2,92.3,57.4,25.3,97.3,89.4,53.7,75.4,83.2,75,60,3.4,47.8,23,38,49.9,Norway,5.3,$380.00 ,1.8,1.6,71831,4.2,1.9,"-8,296.90",36.7,1,0.953,82.3,17.9,12.6,68012
125,Oman,Oman,Middle East and North Africa,88,7,61,58.1,51.6,53.8,97.8,32.5,16.1,75.2,57.3,77.7,87,65,60,1.5,0,12,8.5,47.4,Oman,4.1,$186.60 ,-0.3,2.7,45157,3.3,1.6,"1,867.40",44.2,48,0.821,77.3,13.9,9.5,36290
126,Pakistan,Pakistan,Asia-Pacific,131,32,55,41.5,40.2,30.6,80.5,87.6,49.2,56.1,41.8,72.6,64.8,55,40,10.1,30,30,12.4,20.3,Pakistan,197.3,"$1,057.00 ",5.3,4.3,5358,4,4.1,"2,806.00",67.2,150,0.562,66.6,8.6,5.2,5311
127,Panama,Panama,Americas,50,9,67.2,60.4,30.1,34.1,85,85.3,91.3,73.6,43.4,79.4,79.2,75,70,5.4,25,25,15.8,22.2,Panama,4.1,$103.90 ,5.4,5.8,25351,4.5,0.9,"5,319.20",38.2,66,0.789,78.2,12.7,10.2,19178
128,Papua New Guinea,PapuaNewGuinea,Asia-Pacific,101,21,58.4,37.4,49,37.2,71.8,89.1,75.2,62.2,72.6,70,80.9,25,30,2,42,30,12.5,19.1,Papua New Guinea,8.3,$30.30 ,2.5,5.8,3675,2.7,5.2,-200.5,32.6,153,0.544,65.7,10,4.6,3403
129,Paraguay,Paraguay,Americas,85,18,61.8,39.5,30,25.5,96.3,78.9,96.3,61.5,29.2,72.8,76.6,75,60,4.2,10,10,13,26.5,Paraguay,7,$68.30 ,4.3,6,9826,4.6,3.6,355.8,25.6,110,0.702,73.2,12.7,8.4,8380
130,Peru,Peru,Americas,45,7,67.8,56.1,34,31.8,80.6,86.1,88.5,67.8,63.5,83.9,86.4,75,60,1.8,30,28,16,21.5,Peru,31.8,$424.40 ,2.5,3.6,13334,3.6,2.8,"6,769.50",25.5,89,0.75,75.2,13.8,9.2,11789
131,Philippines,Philippines,Asia-Pacific,70,15,63.8,48.7,36.4,30.9,76.9,88.7,97.1,61.3,57.9,69.6,78.2,60,60,3.4,35,30,13.7,19.4,Philippines,105.3,$875.60 ,6.7,6.6,8315,2.4,3.2,"9,524.30",37.8,113,0.699,69.2,12.6,9.3,9154
132,Poland,Poland,Europe,46,23,67.8,62.3,44,49.8,74.9,48.8,86.4,65.4,63.9,82.1,86,80,70,2,32,19,33.6,41.3,Poland,38,"$1,121.00 ",4.6,3.2,29521,4.9,2,"6,433.50",51.4,33,0.865,77.8,16.4,12.3,26150
133,Portugal,Portugal,Europe,62,30,65.3,71.5,64.3,59.5,59.9,35.6,69.8,79.7,44.3,83,86,70,60,2,48,23,34.4,46.3,Portugal,10.3,$313.40 ,2.7,1.2,30417,8.9,1.6,"6,945.60",125.6,41,0.847,81.4,16.3,9.2,27315
134,Qatar,Qatar,Middle East and North Africa,28,3,72.6,64.5,60,77.4,99.7,56.8,94,71.2,65.9,78.4,83.2,60,60,3.4,0,0,5.7,37.9,Qatar,2.7,$340.60 ,2.1,3.3,124529,0.1,0.4,986,54,37,0.856,78.3,13.4,9.8,116818
135,Romania,Romania,Europe,42,21,68.6,66.7,51.9,39.8,89.7,69,89.3,63.1,64.5,82.7,86,70,50,2,10,16,26,32.1,Romania,19.6,$481.50 ,7,4.5,24508,4.9,1.3,"5,160.00",36.9,52,0.811,75.6,14.3,11,22646
136,Russia,Russia,Europe,98,41,58.9,52.4,45.1,36.6,89.4,62.3,86.6,78.4,52.5,65.1,77.8,30,30,3.6,13,20,22.2,35.4,Russia,144,"$4,007.80 ",1.5,0.3,27834,5.2,3.7,"25,284.00",17.4,49,0.816,71.2,15.5,12,24233
137,Rwanda,Rwanda,Sub-Saharan Africa,32,2,71.1,72.2,83.2,67.9,79.8,79.4,86.3,56.2,82.2,76.1,70.4,60,40,7.3,30,30,15,26.2,Rwanda,11.8,$24.60 ,6.1,6.7,2080,1.3,4.8,366.2,40.6,158,0.524,67.5,11.2,4.1,1811
138,Saint Lucia,SaintLucia,Americas,38,4,68.7,65.9,63.8,50.3,76.2,79.3,81.3,76.3,69.2,83.9,73.2,65,40,5.9,30,30,24,26.3,Saint Lucia,0.2,$2.50 ,3,1.9,14450,21,0.1,92.4,71.3,90,0.747,75.7,13.6,8.9,11695
139,Saint Vincent and the Grenadines,SaintVincentGrenadines,Americas,55,10,65.8,36.5,63.8,50.5,71.2,74.3,85,76.5,73.5,82.2,66.6,70,40,9.2,32.5,33,27.1,29.3,Saint Vincent and the Grenadines,0.1,$1.30 ,1,1.1,11491,18.3,2,87.1,80.8,99,0.723,73.3,13.3,8.6,10499
140,Samoa,Samoa,Asia-Pacific,82,19,62.2,53.8,31,37.7,79.9,62.3,93.6,77,78.2,83.5,63.8,55,30,10.6,27,27,23.6,35.5,Samoa,0.2,$1.10 ,2.4,2.1,5740,8.2,1.3,9,49.1,104,0.713,75.2,12.5,10.3,5909
141,São Tomé and Príncipe,SaoTomePrincipe,Sub-Saharan Africa,134,24,54,37.4,26.6,35.5,87.2,67,62.3,65.1,42.7,70.5,64.2,60,30,10.4,20,25,15.9,33.2,São Tomé and Príncipe,0.2,$0.70 ,4,4.1,3180,13.5,5.5,41,83.3,143,0.589,66.8,12.5,6.3,2941
142,Saudi Arabia,SaudiArabia,Middle East and North Africa,91,9,60.7,55,62.7,49.8,99.8,57.5,19.4,72.3,63.3,78.1,76,45,50,4.5,2.5,2.5,3.4,37.6,Saudi Arabia,32.4,"$1,773.60 ",-0.7,2.3,54777,5.5,-0.9,"1,421.00",17.3,39,0.853,74.7,16.9,9.5,49680
143,Senegal,Senegal,Sub-Saharan Africa,117,16,56.3,47.8,40.4,40.3,70.8,73.3,60,53.3,39.4,78.2,72,60,40,9,40,30,20.4,29.8,Senegal,15.9,$43.20 ,7.2,5.6,2727,4.9,1.4,532.3,61.2,164,0.505,67.5,9.7,3,2384
144,Serbia,Serbia,Europe,69,34,63.9,50.1,44.8,37.2,82,45.1,90.1,72.9,67.4,80,77,70,50,6.5,10,15,38.4,42.8,Serbia,7,$105.50 ,1.8,1.2,15000,14.1,3.1,"2,866.70",61.5,67,0.787,75.3,14.6,11.1,13019
145,Seychelles,Seychelles,Sub-Saharan Africa,87,6,61.4,58.2,37.5,39.2,76.3,60.3,92,63.3,63.2,80,81.4,55,30,4.3,15,33,32.6,36.4,Seychelles,0.1,$2.70 ,4.2,4.9,28779,N/A,2.9,191.9,63.3,62,0.797,73.7,14.8,9.5,26077
146,Sierra Leone,SierraLeone,Sub-Saharan Africa,167,42,47.5,35.5,34.5,26.2,87.3,84.4,13.2,44.9,29.3,65,69.4,60,20,10.3,15,30,12.2,22.8,Sierra Leone,7.4,$11.50 ,3.5,2.9,1553,4.5,18,560,58.4,184,0.419,52.2,9.8,3.5,1240
147,Singapore,Singapore,Asia-Pacific,2,2,89.4,97.4,92.4,95.1,90.4,90.7,80,90.8,91,85.3,94.8,85,80,0.1,22,17,13.7,17.6,Singapore,5.6,$527.00 ,3.6,3.5,93906,2,0.6,"62,006.00",110.9,9,0.932,83.2,16.2,11.5,82503
148,Slovakia,Slovakia,Europe,65,32,65,68.5,37.2,37.7,78.6,46.1,87.2,61.3,53.4,78.6,86,75,70,2,25,21,32.7,42.4,Slovak Republic,5.4,$179.40 ,3.4,3,33025,8.1,1.3,"2,276.70",50.4,38,0.855,77,15,12.5,29467
149,Slovenia,Slovenia,Europe,58,29,65.5,76.4,46.5,53.6,58.4,38.3,82.6,79.3,61.2,83.6,86,70,50,2,50,17,37,45.4,Slovenia,2.1,$71.10 ,5,2.5,34407,6.6,1.4,702,75.4,25,0.896,81.1,17.2,12.2,30594
150,Solomon Islands,SolomonIslands,Asia-Pacific,133,33,54.6,49.9,51.7,33.5,65.5,36.5,89.4,68.6,72,86,56.8,15,30,14.1,40,30,30.8,46,Solomon Islands,0.6,$1.30 ,3.2,2.9,2157,2.1,-0.4,36.5,10,152,0.546,71,10.2,5.5,1872
151,South Africa,SouthAfrica,Sub-Saharan Africa,102,11,58.3,58.8,39.3,39.7,62.1,67.6,62.6,64.3,59.1,75.2,76,45,50,4.5,45,28,31.3,32.8,South Africa,56.5,$765.60 ,1.3,1.5,13545,27.3,5.3,"1,324.70",52.7,113,0.699,63.4,13.3,10.1,11923
152,Spain,Spain,Europe,57,28,65.7,72.9,51.4,51.9,62.3,46.2,51.1,66.8,57.8,87.5,86,85,70,2,45,25,33.5,42.3,Spain,46.3,"$1,773.90 ",3.1,1.9,38286,17.2,2,"19,086.10",98.4,26,0.891,83.3,17.9,9.8,34258
153,Sri Lanka,SriLanka,Asia-Pacific,115,25,56.4,44.7,39.4,28.9,84.9,88.3,30.4,75.1,58.8,70.1,76.2,40,40,4.4,24,28,12.3,19.8,Sri Lanka,21.4,$274.70 ,3.1,4.2,12811,4.1,6.5,"1,374.90",79.4,76,0.77,75.5,13.9,10.9,11326
154,Sudan,Sudan,Sub-Saharan Africa,166,41,47.7,27.5,22.2,26.2,86.3,96.6,76.1,52.1,59,56.9,45,5,20,17.5,10,35,6.7,10.6,Sudan,40.8,$187.00 ,3.2,3,4586,12.7,32.4,"1,065.30",126,167,0.502,64.7,7.4,3.7,4119
155,Suriname,Suriname,Americas,165,28,48.1,49.1,22.2,35.5,70.9,77.2,9.6,48.3,73.5,56,64.6,40,30,10.2,38,36,13.2,27.6,Suriname,0.6,$8.50 ,0,-0.9,14606,8.1,22,-87.3,72.1,100,0.72,71.5,12.7,8.5,13306
157,Sweden,Sweden,Europe,19,10,75.2,89.5,84,88,43.2,26.7,96.6,88,53.9,82,86,85,80,2,57,22,44.1,49.4,Sweden,10.1,$520.90 ,2.4,2.8,51475,6.7,1.9,"15,395.70",40.9,7,0.933,82.6,17.6,12.4,47766
158,Switzerland,Switzerland,Europe,4,1,81.9,85.3,82,88,70.5,64.8,96.3,75.4,72.5,85.2,87.4,85,90,1.3,40,24,27.8,34.3,Switzerland,8.4,$517.20 ,1.1,1.6,61422,4.8,0.5,"40,986.10",42.8,2,0.944,83.5,16.2,13.4,57625
159,Syria,Syria,Middle East and North Africa,N/A,N/A,N/A,37,24.4,20.3,N/A,N/A,N/A,49.6,58.2,48.3,47,0,N/A,16.5,22,28,N/A,N/A,Syria,18.4,N/A,N/A,N/A,N/A,14.9,N/A,N/A,N/A,155,0.536,71,8.8,5.1,2337
161,Tajikistan,Tajikistan,Asia-Pacific,122,28,55.6,47.8,52.1,36.4,91.8,64.6,60.3,67.3,49.2,68.5,73.6,25,30,5.7,13,15,20.6,34.3,Tajikistan,8.8,$28.40 ,7.1,6.8,3212,10.3,7.3,141.3,47.8,127,0.65,71.2,11.2,10.4,3317
162,Tanzania,Tanzania,Sub-Saharan Africa,94,7,60.2,35.4,41.4,33.2,80.5,90.3,85.2,46.6,66.2,70.4,67.8,55,50,8.6,30,30,12.4,18,Tanzania,50,$162.20 ,6,6.8,3240,2.2,5.3,"1,180.40",38.2,154,0.538,66.3,8.9,5.8,2655
163,Thailand,Thailand,Asia-Pacific,43,10,68.3,53.7,45.9,36.4,81.3,85.8,96.5,82.5,63.9,75.2,83,55,60,3.5,35,20,15.6,21.8,Thailand,69.1,"$1,233.70 ",3.9,2.8,17856,1.1,0.7,"7,635.20",41.9,83,0.755,75.5,14.7,7.6,15516
164,Timor-Leste,TimorLeste,Asia-Pacific,172,42,44.2,29.7,13.1,32.1,96.3,0.9,20,60.5,58.8,79.5,75,45,20,2.5,10,10,13.1,57.5,Timor-Leste,1.2,$6.80 ,-0.5,3.1,5444,3.4,0.6,6.7,0,132,0.625,69.2,12.8,4.5,6846
165,Togo,Togo,Sub-Saharan Africa,158,35,50.3,35.5,29.6,28.1,67.8,77,24.5,50.4,46.7,79.1,69.4,65,30,10.3,45,27,21.5,27.7,Togo,7.8,$12.90 ,4.4,5.5,1659,1.8,-0.7,145.6,78.6,165,0.503,60.5,12.4,4.8,1453
166,Tonga,Tonga,Asia-Pacific,108,23,57.7,59.2,26.6,38.1,85.5,40.9,93.4,75.3,69.9,69.4,73.6,40,20,5.7,20,25,20.7,44.4,Tonga,0.1,$0.60 ,3.1,2.4,5608,1.1,8,13.8,48,98,0.726,73.2,14.3,11.2,5547
167,Trinidad and Tobago,TrinidadTobago,Americas,112,22,57,52.3,40.6,32.9,82.3,61.9,16.6,67.8,75.6,75.1,68.4,60,50,8.3,25,25,22.8,35.7,Trinidad and Tobago,1.4,$43.00 ,-2.6,-1.3,31367,4.8,1.9,178.7,41.3,69,0.784,70.8,12.9,10.9,28622
168,Tunisia,Tunisia,Middle East and North Africa,125,10,55.4,49.2,42.7,36.6,74.4,74.4,37.9,76.7,50.3,76,71.4,45,30,9.3,35,30,20.8,29.2,Tunisia,11.5,$135.40 ,1.9,1.7,11755,15.4,5.3,879.5,71.3,95,0.735,75.9,15.1,7.2,10275
169,Turkey,Turkey,Europe,68,33,64.6,55.8,49.8,41.2,76.4,65.1,92.2,66,49.2,70,79.6,70,60,2.7,35,22,25.5,34.1,Turkey,80.8,"$2,173.20 ",7,6,26893,11.3,11.1,"10,864.00",28.5,64,0.791,76,15.2,8,24804
170,Turkmenistan,Turkmenistan,Asia-Pacific,164,40,48.4,31.6,29.8,20.3,95.9,92,92.3,30,20,73.4,76,10,10,2,10,8,15.6,16.4,Turkmenistan,5.7,$103.50 ,6.5,7.9,18126,3.4,8,"2,313.50",28.8,108,0.706,68,10.8,9.8,15594
171,Uganda,Uganda,Sub-Saharan Africa,95,8,59.7,42.2,38.5,25.4,73.3,88.7,68.6,46.3,83.2,80.1,75.4,55,40,7.3,40,30,12.9,19.4,Uganda,37.7,$88.70 ,4.5,4.3,2354,2.1,5.6,699.7,39,162,0.516,60.2,11.6,6.1,1658
172,Ukraine,Ukraine,Europe,147,44,52.3,43.9,31.5,29.6,81.8,46.9,82.6,66.1,46.7,58.6,75,35,30,2.5,20,18,33.1,42.1,Ukraine,42.3,$368.80 ,2.5,-2.3,8713,9.5,14.4,"2,202.00",75.6,88,0.751,72.1,15,11.3,8130
173,United Arab Emirates,UnitedArabEmirates,Middle East and North Africa,9,1,77.6,81.8,87.1,78.8,99.2,68.8,88.9,79.9,81.1,80.9,84.4,40,60,2.8,0,0,8.9,32.3,United Arab Emirates,10.1,$686.80 ,0.5,3.3,67741,1.7,2,"10,354.20",19.5,34,0.863,77.4,13.6,10.8,67805
174,United Kingdom,UnitedKingdom,Europe,7,3,78.9,92.3,85.9,83.8,64.7,48.2,68.6,92.9,73.5,81.2,86,90,80,2,45,20,33.2,41.6,United Kingdom,66.1,"$2,914.00 ",1.8,2.2,44118,4.3,2.7,"15,090.00",87,14,0.922,81.7,17.4,12.9,39116
175,United States,UnitedStates,Americas,12,2,76.8,79.3,78.6,77.4,75.1,57.1,53.1,83.8,89.4,76.6,86.6,85,80,1.7,37,21,26,37.8,United States,325.9,"$19,390.60 ",2.3,2.2,59501,4.4,2.1,"275,381.00",107.8,13,0.924,79.5,16.5,13.4,54941
176,Uruguay,Uruguay,Americas,40,6,68.6,68.3,58.9,69.2,77.2,67.5,69.9,74.3,71.9,72.9,78.6,85,30,5.7,30,25,27.4,32.9,Uruguay,3.5,$78.10 ,3.1,2.6,22371,7.9,6.2,-124.6,66.2,55,0.804,77.6,15.9,8.7,19930
177,Uzbekistan,Uzbekistan,Asia-Pacific,140,36,53.3,49.8,34.3,25.2,91.3,67.4,98.7,72.5,58.7,58.9,62.6,10,10,8.7,22,7.5,18.2,33,Uzbekistan,32.1,$222.60 ,5.3,7.4,6929,7.2,12.5,95.8,24.5,105,0.71,71.4,12,11.5,6470
178,Vanuatu,Vanuatu,Asia-Pacific,116,26,56.4,65.9,36.4,51.9,97.3,54.1,15.3,52.4,58.8,75,64.4,65,40,7.8,0,0,16.3,39.1,Vanuatu,0.3,$0.80 ,4.2,2.4,2739,5.2,3.1,24.7,48.4,138,0.603,72.3,10.9,6.8,2995
179,Venezuela,Venezuela,Americas,179,32,25.9,7.6,13.1,7.9,74.7,58.1,17.6,33.9,28,0,60,0,10,10,34,34,14.9,37.4,Venezuela,31.4,$380.70 ,-14,-7.8,12114,7.7,1087.5,-68,34.9,78,0.761,74.7,14.3,10.3,10672
180,Vietnam,Vietnam,Asia-Pacific,128,30,55.3,49.8,40.3,34,79.7,74.1,40.7,63.5,62.8,68.9,79.2,30,40,2.9,35,22,18,29.4,Vietnam,93.6,$647.40 ,6.8,6.2,6913,2.1,3.5,"14,100.00",58.2,116,0.694,76.5,12.7,8.2,5859
181,Yemen,Yemen,Middle East and North Africa,N/A,N/A,N/A,19.6,22.2,20.3,N/A,83.7,0,45.1,49.8,61.5,71.4,50,N/A,4.3,N/A,N/A,N/A,N/A,Yemen,30,$38.60 ,-13.8,-16.1,1287,14,4.9,-269.9,141,178,0.452,65.2,9,3,1239
182,Zambia,Zambia,Sub-Saharan Africa,138,27,53.6,45,35.6,32.3,72.3,80.1,12.3,71.1,46,70.3,72.6,55,50,6.2,35,35,17.9,25.8,Zambia,17.2,$68.90 ,3.6,4,3996,7.8,6.6,"1,091.20",62.2,144,0.588,62.3,12.5,7,3557
183,Zimbabwe,Zimbabwe,Sub-Saharan Africa,175,45,40.4,29.7,24.8,15.8,62.3,74.5,23.7,33.4,43.3,72.4,70,25,10,5,51.5,25,22.3,29.2,Zimbabwe,14.9,$34.00 ,3,2.6,2283,5,1.3,289.4,78.4,156,0.535,61.7,10.3,8.1,1683
